ID,Project_Key,Name,URL,Description,Start_Date,Last_Update_Date,Repository_ID
1,PROJ_8RCZF,Project_1,https://project1.example.com,Description of Project 1,2021-03-25 16:15:28,2024-07-16 22:15:02,30
2,PROJ_8D74U,Project_2,https://project2.example.com,Description of Project 2,2020-02-15 05:54:01,2020-09-24 04:33:55,17
3,PROJ_G23FP,Project_3,https://project3.example.com,Description of Project 3,2020-09-21 05:53:56,2024-07-15 17:30:52,86
4,PROJ_QLZZ1,Project_4,https://project4.example.com,Description of Project 4,2022-12-05 16:02:15,2022-02-07 19:09:54,100
5,PROJ_HW73U,Project_5,https://project5.example.com,Description of Project 5,2023-09-01 05:56:04,2022-09-19 12:55:50,35
6,PROJ_6WKYV,Project_6,https://project6.example.com,Description of Project 6,2025-01-19 00:27:14,2024-04-04 23:57:58,49
7,PROJ_T5G0H,Project_7,https://project7.example.com,Description of Project 7,2024-02-09 20:04:01,2020-06-11 02:51:38,49
8,PROJ_J9260,Project_8,https://project8.example.com,Description of Project 8,2020-03-19 06:46:57,2020-03-24 05:57:30,52
9,PROJ_4FH26,Project_9,https://project9.example.com,Description of Project 9,2020-04-22 20:53:06,2021-12-15 12:53:12,47
10,PROJ_GDKTN,Project_10,https://project10.example.com,Description of Project 10,2023-06-17 02:41:47,2020-12-27 13:20:16,4
11,PROJ_48CHK,Project_11,https://project11.example.com,Description of Project 11,2025-04-28 11:47:22,2022-06-27 06:01:40,28
12,PROJ_V1XHK,Project_12,https://project12.example.com,Description of Project 12,2025-02-11 20:36:52,2024-07-10 01:00:48,86
13,PROJ_X4567,Project_13,https://project13.example.com,Description of Project 13,2021-11-23 18:08:16,2024-03-15 17:20:18,53
14,PROJ_5RGQB,Project_14,https://project14.example.com,Description of Project 14,2025-08-01 13:33:08,2020-06-09 14:57:09,86
15,PROJ_8WENB,Project_15,https://project15.example.com,Description of Project 15,2023-04-16 13:40:50,2024-04-11 16:29:51,1
16,PROJ_TH1E1,Project_16,https://project16.example.com,Description of Project 16,2022-10-27 15:59:47,2022-07-20 12:15:30,75
17,PROJ_XV7OH,Project_17,https://project17.example.com,Description of Project 17,2022-12-05 23:50:01,2024-01-03 07:58:06,90
18,PROJ_ASCZY,Project_18,https://project18.example.com,Description of Project 18,2025-05-12 05:24:05,2024-01-28 17:34:20,18
19,PROJ_FYE9Q,Project_19,https://project19.example.com,Description of Project 19,2022-02-16 02:23:26,2020-03-10 19:02:46,94
20,PROJ_2S1GX,Project_20,https://project20.example.com,Description of Project 20,2022-02-09 14:39:47,2022-11-28 03:39:40,18
21,PROJ_6JP6X,Project_21,https://project21.example.com,Description of Project 21,2020-01-14 22:06:54,2020-10-23 16:58:30,5
22,PROJ_R49Z5,Project_22,https://project22.example.com,Description of Project 22,2022-05-12 08:21:24,2024-05-17 12:23:49,29
23,PROJ_MZCAJ,Project_23,https://project23.example.com,Description of Project 23,2023-09-29 23:12:18,2024-06-12 00:59:05,21
24,PROJ_EB95P,Project_24,https://project24.example.com,Description of Project 24,2020-12-07 11:14:20,2025-06-01 05:52:53,96
25,PROJ_CFN7D,Project_25,https://project25.example.com,Description of Project 25,2020-09-28 11:35:58,2022-01-24 09:40:32,18
26,PROJ_XFY25,Project_26,https://project26.example.com,Description of Project 26,2022-01-22 05:24:06,2024-08-07 10:51:23,16
27,PROJ_NBVP1,Project_27,https://project27.example.com,Description of Project 27,2025-06-20 14:01:15,2021-07-12 14:04:43,32
28,PROJ_78G2A,Project_28,https://project28.example.com,Description of Project 28,2021-12-12 05:28:07,2021-01-20 15:57:15,49
29,PROJ_UC1QB,Project_29,https://project29.example.com,Description of Project 29,2021-01-28 15:02:59,2021-06-18 15:50:08,30
30,PROJ_OZYHM,Project_30,https://project30.example.com,Description of Project 30,2022-07-04 13:23:09,2021-01-21 08:26:16,3
31,PROJ_661RZ,Project_31,https://project31.example.com,Description of Project 31,2023-01-14 17:49:01,2021-06-22 00:03:09,77
32,PROJ_DBC5M,Project_32,https://project32.example.com,Description of Project 32,2025-04-14 04:32:09,2022-02-17 17:34:03,1
33,PROJ_D4VJ7,Project_33,https://project33.example.com,Description of Project 33,2023-09-14 04:01:18,2025-05-20 14:06:41,29
34,PROJ_W7E2C,Project_34,https://project34.example.com,Description of Project 34,2023-01-18 04:35:26,2020-07-24 20:15:34,68
35,PROJ_NFPKD,Project_35,https://project35.example.com,Description of Project 35,2020-01-13 22:24:23,2025-04-07 19:03:04,51
36,PROJ_PH5MA,Project_36,https://project36.example.com,Description of Project 36,2020-09-13 03:38:36,2023-02-22 13:23:52,93
37,PROJ_TA942,Project_37,https://project37.example.com,Description of Project 37,2022-02-15 02:46:57,2020-02-11 11:03:50,73
38,PROJ_1NION,Project_38,https://project38.example.com,Description of Project 38,2023-04-02 05:18:54,2022-08-17 19:32:55,1
39,PROJ_FKUD5,Project_39,https://project39.example.com,Description of Project 39,2024-12-17 22:13:34,2025-07-17 11:17:19,18
40,PROJ_GCAMN,Project_40,https://project40.example.com,Description of Project 40,2024-04-14 23:47:30,2021-07-23 21:54:08,68
41,PROJ_2NP3M,Project_41,https://project41.example.com,Description of Project 41,2024-02-13 06:51:57,2020-10-29 20:41:16,57
42,PROJ_733MD,Project_42,https://project42.example.com,Description of Project 42,2023-02-03 10:39:17,2020-04-03 13:52:26,8
43,PROJ_6UWSK,Project_43,https://project43.example.com,Description of Project 43,2024-08-10 19:50:36,2021-10-24 04:40:19,71
44,PROJ_GA9CL,Project_44,https://project44.example.com,Description of Project 44,2025-09-24 03:24:48,2024-02-08 07:42:07,56
45,PROJ_V0TIM,Project_45,https://project45.example.com,Description of Project 45,2023-04-22 17:29:45,2024-05-05 07:58:28,52
46,PROJ_ZRAN8,Project_46,https://project46.example.com,Description of Project 46,2022-02-27 19:16:33,2025-04-24 17:09:02,3
47,PROJ_9DMGI,Project_47,https://project47.example.com,Description of Project 47,2024-11-15 22:22:15,2025-03-16 04:58:40,10
48,PROJ_NQY5Z,Project_48,https://project48.example.com,Description of Project 48,2024-10-26 14:00:32,2020-07-23 19:41:39,73
49,PROJ_LRT9M,Project_49,https://project49.example.com,Description of Project 49,2020-08-15 09:04:26,2025-08-26 11:41:21,67
50,PROJ_902KY,Project_50,https://project50.example.com,Description of Project 50,2020-01-06 10:54:15,2023-09-19 00:24:30,25
51,PROJ_J67NC,Project_51,https://project51.example.com,Description of Project 51,2023-06-24 10:04:50,2023-03-25 09:56:37,78
52,PROJ_KIZ8X,Project_52,https://project52.example.com,Description of Project 52,2022-02-14 21:01:14,2025-07-06 01:24:51,98
53,PROJ_PZQV7,Project_53,https://project53.example.com,Description of Project 53,2022-04-03 20:39:50,2021-11-27 02:49:55,41
54,PROJ_NC66R,Project_54,https://project54.example.com,Description of Project 54,2024-11-05 20:05:24,2021-09-21 21:15:27,10
55,PROJ_BRM1H,Project_55,https://project55.example.com,Description of Project 55,2021-12-07 11:29:33,2025-02-22 01:04:36,31
56,PROJ_1P3F9,Project_56,https://project56.example.com,Description of Project 56,2024-10-29 07:08:24,2023-05-07 23:02:36,24
57,PROJ_D8ZJQ,Project_57,https://project57.example.com,Description of Project 57,2023-04-05 18:02:28,2022-10-18 04:56:57,75
58,PROJ_WYCGH,Project_58,https://project58.example.com,Description of Project 58,2023-10-24 15:40:28,2024-11-27 06:13:20,45
59,PROJ_IHQKO,Project_59,https://project59.example.com,Description of Project 59,2020-12-16 18:09:00,2021-09-02 20:48:33,50
60,PROJ_9KDKE,Project_60,https://project60.example.com,Description of Project 60,2024-12-28 22:33:05,2025-04-05 21:58:02,1
61,PROJ_A7HNW,Project_61,https://project61.example.com,Description of Project 61,2024-10-01 04:44:55,2024-08-21 00:44:32,9
62,PROJ_SV3AX,Project_62,https://project62.example.com,Description of Project 62,2020-02-29 01:13:15,2023-05-21 10:09:17,89
63,PROJ_6H3RU,Project_63,https://project63.example.com,Description of Project 63,2021-10-19 20:40:03,2020-01-27 09:22:15,16
64,PROJ_HYSG5,Project_64,https://project64.example.com,Description of Project 64,2020-05-19 09:11:24,2020-03-16 17:53:18,69
65,PROJ_CF7H5,Project_65,https://project65.example.com,Description of Project 65,2020-07-27 23:29:57,2024-03-22 08:32:57,52
66,PROJ_BOMVB,Project_66,https://project66.example.com,Description of Project 66,2024-05-02 06:47:08,2020-12-18 05:09:08,86
67,PROJ_VU6UA,Project_67,https://project67.example.com,Description of Project 67,2023-07-09 16:15:06,2024-09-19 20:40:21,86
68,PROJ_9CKCN,Project_68,https://project68.example.com,Description of Project 68,2022-11-10 14:45:24,2022-09-18 21:01:36,55
69,PROJ_1E3QM,Project_69,https://project69.example.com,Description of Project 69,2022-01-29 02:22:11,2020-02-29 00:01:35,65
70,PROJ_PMLZM,Project_70,https://project70.example.com,Description of Project 70,2021-02-07 22:55:00,2022-05-12 22:32:40,77
71,PROJ_K2WWZ,Project_71,https://project71.example.com,Description of Project 71,2020-01-13 16:38:46,2023-01-27 07:57:06,52
72,PROJ_2P7DD,Project_72,https://project72.example.com,Description of Project 72,2024-10-16 11:53:25,2023-02-28 07:35:27,64
73,PROJ_1F2VS,Project_73,https://project73.example.com,Description of Project 73,2021-05-12 12:55:25,2022-02-11 11:09:27,81
74,PROJ_QVC4X,Project_74,https://project74.example.com,Description of Project 74,2022-05-31 16:43:28,2023-07-20 03:35:29,95
75,PROJ_JYH3Y,Project_75,https://project75.example.com,Description of Project 75,2024-05-13 13:13:56,2023-12-28 23:32:15,54
76,PROJ_IMWG9,Project_76,https://project76.example.com,Description of Project 76,2020-03-26 20:55:58,2021-02-13 00:33:01,33
77,PROJ_OFFCS,Project_77,https://project77.example.com,Description of Project 77,2024-07-09 01:55:19,2023-08-14 21:21:21,48
78,PROJ_2IBZN,Project_78,https://project78.example.com,Description of Project 78,2023-02-18 23:45:11,2023-05-18 04:53:05,96
79,PROJ_WXR6R,Project_79,https://project79.example.com,Description of Project 79,2025-06-11 11:33:27,2020-05-18 06:59:47,73
80,PROJ_BV47I,Project_80,https://project80.example.com,Description of Project 80,2024-01-23 02:24:23,2023-01-05 01:08:14,10
81,PROJ_NEH6P,Project_81,https://project81.example.com,Description of Project 81,2021-11-05 15:37:12,2023-08-19 13:34:54,57
82,PROJ_MTU7N,Project_82,https://project82.example.com,Description of Project 82,2021-12-06 18:36:29,2023-01-17 05:32:53,32
83,PROJ_9GGHG,Project_83,https://project83.example.com,Description of Project 83,2025-02-20 07:30:17,2022-01-06 03:05:47,80
84,PROJ_W738L,Project_84,https://project84.example.com,Description of Project 84,2022-12-29 11:28:43,2021-12-30 19:07:42,47
85,PROJ_V43EU,Project_85,https://project85.example.com,Description of Project 85,2021-08-22 12:25:26,2020-09-07 16:29:44,63
86,PROJ_IFV03,Project_86,https://project86.example.com,Description of Project 86,2020-01-10 06:50:38,2020-11-22 20:47:32,17
87,PROJ_0KKFC,Project_87,https://project87.example.com,Description of Project 87,2021-01-28 04:39:43,2022-04-12 19:18:07,32
88,PROJ_DT4L8,Project_88,https://project88.example.com,Description of Project 88,2020-08-18 04:43:30,2023-01-16 12:15:15,49
89,PROJ_HDAC6,Project_89,https://project89.example.com,Description of Project 89,2021-06-27 21:04:48,2021-02-23 05:48:34,17
90,PROJ_F7T7X,Project_90,https://project90.example.com,Description of Project 90,2022-05-05 18:29:04,2022-04-25 07:07:48,31
91,PROJ_SXBFH,Project_91,https://project91.example.com,Description of Project 91,2024-05-03 20:55:31,2024-10-08 17:22:06,95
92,PROJ_B5W86,Project_92,https://project92.example.com,Description of Project 92,2025-03-15 05:26:15,2023-05-13 00:05:40,68
93,PROJ_8I4PF,Project_93,https://project93.example.com,Description of Project 93,2024-01-06 02:42:40,2020-08-10 11:13:09,87
94,PROJ_KTHKA,Project_94,https://project94.example.com,Description of Project 94,2021-03-24 12:43:20,2023-09-09 21:26:27,11
95,PROJ_MRMIG,Project_95,https://project95.example.com,Description of Project 95,2020-06-15 08:25:13,2024-09-28 10:14:45,29
96,PROJ_7FYIN,Project_96,https://project96.example.com,Description of Project 96,2020-11-10 18:02:48,2021-12-18 04:05:11,62
97,PROJ_J7SZX,Project_97,https://project97.example.com,Description of Project 97,2021-01-16 08:01:00,2020-08-27 14:16:07,4
98,PROJ_GL7EM,Project_98,https://project98.example.com,Description of Project 98,2024-10-07 10:38:33,2022-09-29 00:35:30,30
99,PROJ_ELYQ3,Project_99,https://project99.example.com,Description of Project 99,2023-12-19 02:32:21,2023-06-24 03:09:23,67
100,PROJ_J5IVT,Project_100,https://project100.example.com,Description of Project 100,2023-06-02 05:15:30,2022-05-01 01:55:43,68
