ID,Name,Description,URL
1,Repo_1,Repository description 1,https://repo1.git
2,Repo_2,Repository description 2,https://repo2.git
3,Repo_3,Repository description 3,https://repo3.git
4,Repo_4,Repository description 4,https://repo4.git
5,Repo_5,Repository description 5,https://repo5.git
6,Repo_6,Repository description 6,https://repo6.git
7,Repo_7,Repository description 7,https://repo7.git
8,Repo_8,Repository description 8,https://repo8.git
9,Repo_9,Repository description 9,https://repo9.git
10,Repo_10,Repository description 10,https://repo10.git
11,Repo_11,Repository description 11,https://repo11.git
12,Repo_12,Repository description 12,https://repo12.git
13,Repo_13,Repository description 13,https://repo13.git
14,Repo_14,Repository description 14,https://repo14.git
15,Repo_15,Repository description 15,https://repo15.git
16,Repo_16,Repository description 16,https://repo16.git
17,Repo_17,Repository description 17,https://repo17.git
18,Repo_18,Repository description 18,https://repo18.git
19,Repo_19,Repository description 19,https://repo19.git
20,Repo_20,Repository description 20,https://repo20.git
21,Repo_21,Repository description 21,https://repo21.git
22,Repo_22,Repository description 22,https://repo22.git
23,Repo_23,Repository description 23,https://repo23.git
24,Repo_24,Repository description 24,https://repo24.git
25,Repo_25,Repository description 25,https://repo25.git
26,Repo_26,Repository description 26,https://repo26.git
27,Repo_27,Repository description 27,https://repo27.git
28,Repo_28,Repository description 28,https://repo28.git
29,Repo_29,Repository description 29,https://repo29.git
30,Repo_30,Repository description 30,https://repo30.git
31,Repo_31,Repository description 31,https://repo31.git
32,Repo_32,Repository description 32,https://repo32.git
33,Repo_33,Repository description 33,https://repo33.git
34,Repo_34,Repository description 34,https://repo34.git
35,Repo_35,Repository description 35,https://repo35.git
36,Repo_36,Repository description 36,https://repo36.git
37,Repo_37,Repository description 37,https://repo37.git
38,Repo_38,Repository description 38,https://repo38.git
39,Repo_39,Repository description 39,https://repo39.git
40,Repo_40,Repository description 40,https://repo40.git
41,Repo_41,Repository description 41,https://repo41.git
42,Repo_42,Repository description 42,https://repo42.git
43,Repo_43,Repository description 43,https://repo43.git
44,Repo_44,Repository description 44,https://repo44.git
45,Repo_45,Repository description 45,https://repo45.git
46,Repo_46,Repository description 46,https://repo46.git
47,Repo_47,Repository description 47,https://repo47.git
48,Repo_48,Repository description 48,https://repo48.git
49,Repo_49,Repository description 49,https://repo49.git
50,Repo_50,Repository description 50,https://repo50.git
51,Repo_51,Repository description 51,https://repo51.git
52,Repo_52,Repository description 52,https://repo52.git
53,Repo_53,Repository description 53,https://repo53.git
54,Repo_54,Repository description 54,https://repo54.git
55,Repo_55,Repository description 55,https://repo55.git
56,Repo_56,Repository description 56,https://repo56.git
57,Repo_57,Repository description 57,https://repo57.git
58,Repo_58,Repository description 58,https://repo58.git
59,Repo_59,Repository description 59,https://repo59.git
60,Repo_60,Repository description 60,https://repo60.git
61,Repo_61,Repository description 61,https://repo61.git
62,Repo_62,Repository description 62,https://repo62.git
63,Repo_63,Repository description 63,https://repo63.git
64,Repo_64,Repository description 64,https://repo64.git
65,Repo_65,Repository description 65,https://repo65.git
66,Repo_66,Repository description 66,https://repo66.git
67,Repo_67,Repository description 67,https://repo67.git
68,Repo_68,Repository description 68,https://repo68.git
69,Repo_69,Repository description 69,https://repo69.git
70,Repo_70,Repository description 70,https://repo70.git
71,Repo_71,Repository description 71,https://repo71.git
72,Repo_72,Repository description 72,https://repo72.git
73,Repo_73,Repository description 73,https://repo73.git
74,Repo_74,Repository description 74,https://repo74.git
75,Repo_75,Repository description 75,https://repo75.git
76,Repo_76,Repository description 76,https://repo76.git
77,Repo_77,Repository description 77,https://repo77.git
78,Repo_78,Repository description 78,https://repo78.git
79,Repo_79,Repository description 79,https://repo79.git
80,Repo_80,Repository description 80,https://repo80.git
81,Repo_81,Repository description 81,https://repo81.git
82,Repo_82,Repository description 82,https://repo82.git
83,Repo_83,Repository description 83,https://repo83.git
84,Repo_84,Repository description 84,https://repo84.git
85,Repo_85,Repository description 85,https://repo85.git
86,Repo_86,Repository description 86,https://repo86.git
87,Repo_87,Repository description 87,https://repo87.git
88,Repo_88,Repository description 88,https://repo88.git
89,Repo_89,Repository description 89,https://repo89.git
90,Repo_90,Repository description 90,https://repo90.git
91,Repo_91,Repository description 91,https://repo91.git
92,Repo_92,Repository description 92,https://repo92.git
93,Repo_93,Repository description 93,https://repo93.git
94,Repo_94,Repository description 94,https://repo94.git
95,Repo_95,Repository description 95,https://repo95.git
96,Repo_96,Repository description 96,https://repo96.git
97,Repo_97,Repository description 97,https://repo97.git
98,Repo_98,Repository description 98,https://repo98.git
99,Repo_99,Repository description 99,https://repo99.git
100,Repo_100,Repository description 100,https://repo100.git
